,truck_strategy,Run,Extinguished,On Fire,Step
0,1.0,0,123,0.3007936507936491,141
1,1.0,1,149,0.34825396825395977,120
