,truck_strategy,Run,Extinguished,On Fire,Step
0,1.0,0,41,0.5236666666666423,166
1,1.0,1,56,0.4431666666666511,186
