,truck_strategy,Run,Extinguished,On Fire,Step
0,1.0,0,54,0.3961666666666563,146
1,1.0,1,48,0.5651666666666377,174
