,truck_strategy,Run,Extinguished,On Fire,Step
0,1.0,0,100,0.502499999999978,224
1,1.0,1,126,0.5849999999999689,363
