,wind_strength,Run,Extinguished,On Fire,Step
0,1.0,0,1582,0.7337373737372499,76
1,1.0,1,1575,0.9802020202017625,78
